record_key,battery_id,row_type,interval_index,working_ion,paper_training_ion,framework_formula,formula_charge,formula_discharge,id_charge,id_discharge,fracA_charge,fracA_discharge,average_voltage_V,crystal_system_charge,spacegroup_number_charge,crystal_system_discharge,spacegroup_number_discharge,num_steps,last_updated,basic_checks_passed,complete_basic_inputs,issues,warnings,source_csv_row,row_uid,input_row_hash,canonical_host,computed_fracA_charge,ion_per_reduced_host_charge,fraction_error_charge,computed_fracA_discharge,ion_per_reduced_host_discharge,fraction_error_discharge,delta_ion_per_reduced_host,composition_checks_passed,symmetry_checks_passed,review_flags,priority_voltage_review,step4_issues,eligible_for_baseline,group_id,mixed_cv_fold,li_cv_fold,shares_group_with_mixed_development,shares_group_with_li_development,partition
fa0ff5b0c359a6138dbcfdc5f992fe3da5b7e8165ddd55b6c1fe278e5a1a54fa,,adjacent,0,Na,False,CoO2,CoO2,NaCoO2,mp-aaacuktx,mp-aaacrmic,0.0,0.25,2.662275291551726,,,Trigonal,160,1,2025-09-19T09:42:57.102000,True,False,,missing_battery_id_use_record_key_for_provenance;missing_material_metadata_charge;missing_crystal_system_charge;missing_spacegroup_number_charge,3688,07b49c83835976bd69658134011c7fd285e8855362a381217362e2f35f81dd83,fea45e55bd94deba3d14dff180c67235dfb3b37555a15cfae52651ba875348bd,Co:1|O:2,0.0,0.0,0.0,0.25,1.0,0.0,1.0,True,False,battery_id_absent_using_record_key,False,missing_symmetry_charge,False,g_0098ba000b787cdb38b936a139e19128159629fc43ebb665dc718d8443ad9adb,,,,,quarantine
83e61895f22986db634a68644cb448eb12124cc5277f8d7713a56e2bca036f04,,adjacent,0,Mg,True,Fe2CoO4,Fe2CoO4,MgFe4(CoO4)2,mp-aaaabzaz,mp-aaaexaca,0.0,0.066666666666666,0.8917927700000131,,,Monoclinic,12,1,2025-09-19T09:43:37.159000,True,False,,missing_battery_id_use_record_key_for_provenance;missing_material_metadata_charge;missing_crystal_system_charge;missing_spacegroup_number_charge,5344,0f6bcb1bf15790b3a29cb09e16a0922fb9c6d95747d8a93d701ef00a8e684548,07e4baac8c0b754f1655756bee72f2063c65c16a172b29859d4947cb0728c63c,Co:1|Fe:2|O:4,0.0,0.0,0.0,0.06666666666666667,0.5,6.661338147750939e-16,0.5,True,False,battery_id_absent_using_record_key,False,missing_symmetry_charge,False,g_0f6bcb1bf15790b3a29cb09e16a0922fb9c6d95747d8a93d701ef00a8e684548,,,,,quarantine
c49848269d596dac37f83bbe72b00630797015745f72e9bb2a9efa45a7f1fa37,,adjacent,0,Mg,True,Co2NiO4,Co2NiO4,MgCo4(NiO4)2,mp-aaaacffv,mp-aaaexaii,0.0,0.066666666666666,1.264036309999999,,,Monoclinic,12,1,2025-09-19T09:43:37.667000,True,False,,missing_battery_id_use_record_key_for_provenance;missing_material_metadata_charge;missing_crystal_system_charge;missing_spacegroup_number_charge,5390,11ee07f5f953b61456f6c8ab10133d0716050a7e09ce143a18f41a8676bcb83c,46a1e4bd2105ad82847247f0532a4115e2607441629be566bed85154fb67bd18,Co:2|Ni:1|O:4,0.0,0.0,0.0,0.06666666666666667,0.5,6.661338147750939e-16,0.5,True,False,battery_id_absent_using_record_key,False,missing_symmetry_charge,False,g_11ee07f5f953b61456f6c8ab10133d0716050a7e09ce143a18f41a8676bcb83c,,,,,quarantine
c8a1a6c2bd7edc30e237e513e808bfa077478d4e319e4ba70ff40f4a49fc418f,,adjacent,0,Mg,True,Ce,CeMg,CeMg15,mp-aaachcop,mp-aaacgggn,0.5,0.9375,-0.024377023214285,,,Hexagonal,187,1,2025-09-19T09:43:07.160000,True,False,,missing_battery_id_use_record_key_for_provenance;missing_material_metadata_charge;missing_crystal_system_charge;missing_spacegroup_number_charge;source:Transition metal not found,5267,16d26d5fa49fe4f0ed31ed883d259a026f11e9005db02a84d926f0c3209fc490,e9ae9ff1eeba99a67712d4626142d5a5bdf4cfc4c6213c030633359741442284,Ce:1,0.5,1.0,0.0,0.9375,15.0,0.0,14.0,True,False,battery_id_absent_using_record_key;negative_voltage;source:Transition metal not found,False,missing_symmetry_charge,False,g_0e03ac9aa0ed9af71de22a25db881369102ceb27c4fc154191df4cea9269e995,,,,,quarantine
90916df16650605d47157f0078f8df4c9dcf66c44aae3d06ea4d73c5f48ca28d,,adjacent,0,Li,True,Rb3TbV2O8,Rb3TbV2O8,Rb3LiTbV2O8,mp-aaacquxs,mp-aaacsgzp,0.0,0.066666666666666,0.18339998333333501,,,Monoclinic,12,1,2025-09-19T09:43:22.787000,True,False,,missing_battery_id_use_record_key_for_provenance;missing_material_metadata_charge;missing_crystal_system_charge;missing_spacegroup_number_charge,1368,1739fcdf9c3c21813f176a77f02962b7e719d109a2d56327d6e2582ff5f34ef8,c1b935f3980649109a4a58f7b9967f4154fecbc73151ad445b3d6ddaa80c402c,O:8|Rb:3|Tb:1|V:2,0.0,0.0,0.0,0.06666666666666667,1.0,6.661338147750939e-16,1.0,True,False,battery_id_absent_using_record_key,False,missing_symmetry_charge,False,g_1739fcdf9c3c21813f176a77f02962b7e719d109a2d56327d6e2582ff5f34ef8,,,,,quarantine
f0acb404499c71cc328c373eeed1dd44040b8cec2f38907fc830acca9fbf6ce0,,adjacent,0,Y,True,CuGeSe7,Y7Cu3(GeSe7)3,Y3CuGeSe7,mp-aaacxyin,mp-aaaabanc,0.20588235294117602,0.25,2.231972588888891,,,Hexagonal,173,1,2025-09-19T09:42:24.853000,True,False,,missing_battery_id_use_record_key_for_provenance;missing_material_metadata_charge;missing_crystal_system_charge;missing_spacegroup_number_charge,7360,1a1dd9b9b75ab0e11417b47bf2468820a4f0a1a5b5b17fc651ef77228df7fc0a,32535b98b21b77944356e9920fb300a0aa272b94396b7cbb7508afac36da66c5,Cu:1|Ge:1|Se:7,0.20588235294117646,2.3333333333333335,4.440892098500626e-16,0.25,3.0,0.0,0.6666666666666665,True,False,battery_id_absent_using_record_key,False,missing_symmetry_charge,False,g_1a1dd9b9b75ab0e11417b47bf2468820a4f0a1a5b5b17fc651ef77228df7fc0a,,,,,quarantine
bfa1ee3d3ce5f32c6f455c44855e735a8594a35b0106eb3d2aa1552433f0d2df,,adjacent,0,Mg,True,Mn3Cu3O8,Mn3Cu3O8,MgMn3Cu3O8,mp-aaaabxxp,mp-aaaexabl,0.0,0.066666666666666,1.318961874999996,,,Trigonal,166,1,2025-09-19T09:43:37.069000,True,False,,missing_battery_id_use_record_key_for_provenance;missing_material_metadata_charge;missing_crystal_system_charge;missing_spacegroup_number_charge,4523,257fd1d953397827e2a6d70eeb6d2999042ddd1ae23612d8d977d74e7028ee77,0f6ada0152da4e6d4edda6165faa90a5935602cf81f736a3abc2152ca6d809a9,Cu:3|Mn:3|O:8,0.0,0.0,0.0,0.06666666666666667,1.0,6.661338147750939e-16,1.0,True,False,battery_id_absent_using_record_key,False,missing_symmetry_charge,False,g_257fd1d953397827e2a6d70eeb6d2999042ddd1ae23612d8d977d74e7028ee77,,,,,quarantine
86779bf32334b1c35a2d920252db5b48f84dcfddd0ae9decbb8c31e58f8dba24,,adjacent,0,Al,True,CuO2,Al(CuO2)3,Al2(CuO2)3,mvc-aaaaarpa,mp-aaacxqfl,0.1,0.18181818181818102,3.606958900000004,,,Monoclinic,4,1,2025-09-19T09:41:33.564000,True,False,,missing_battery_id_use_record_key_for_provenance;missing_material_metadata_charge;missing_crystal_system_charge;missing_spacegroup_number_charge,7204,28b8fda1530be65d2b4ae74b04a63af619c05902ea042a9610ce32d63df2a8b4,d32aa52a47df449f884377d920b4de4ecf8e630118cfa969d35bcb36b05b6ea5,Cu:1|O:2,0.1,0.3333333333333333,0.0,0.18181818181818182,0.6666666666666666,8.049116928532385e-16,0.3333333333333333,True,False,battery_id_absent_using_record_key,False,missing_symmetry_charge,False,g_0c122d5e5b3ec9c9a96e055d4575f2cb77656671dc32226c90f0ba4e75e16c8d,,,,,quarantine
79be029b5b5fd709c0655467e0417a49bd91fff81ed25e764b25e2681e58e1f0,,adjacent,0,Mg,True,V2OF5,V2OF5,MgV6(OF5)3,mp-aaadlpwr,mp-aaacsftp,0.0,0.04,1.767716634999996,Trigonal,144,,,1,2025-09-19T09:43:59.390000,True,False,,missing_battery_id_use_record_key_for_provenance;missing_material_metadata_discharge;missing_crystal_system_discharge;missing_spacegroup_number_discharge,5635,2d66f63a898c368f79251e4793664b54adf93071e3ac7b03d6554709d4606893,28631a6906255c61ab09bf3680c07b3ad9be5fa44a6d2ed37995d044d3a6390e,F:5|O:1|V:2,0.0,0.0,0.0,0.04,0.3333333333333333,0.0,0.3333333333333333,True,False,battery_id_absent_using_record_key,False,missing_symmetry_discharge,False,g_20f0ab287ec820a04343c795b162f4ef9ad8420fc116dc4a6a515d51a6acb092,,,,,quarantine
51509fa8e40a8e778045d2b17cfee0c566499db22ba9c186aa59f22d4fbf2113,,adjacent,0,Mg,True,HoAg(WO4)2,HoAg(WO4)2,Ho2MgAg2(WO4)4,mp-aaacqzfd,mp-aaacsgnl,0.0,0.04,0.7125510699999941,,,Monoclinic,12,1,2025-09-19T09:43:22.364000,True,False,,missing_battery_id_use_record_key_for_provenance;missing_material_metadata_charge;missing_crystal_system_charge;missing_spacegroup_number_charge,4035,2ec1e9362ebdd949eddbed67293e3ad7a762537220c9330cc4e748764695c757,fd5e7539acd250961584194e6939bb279d5301ff6cc73138e8dde44beb99d31f,Ag:1|Ho:1|O:8|W:2,0.0,0.0,0.0,0.04,0.5,0.0,0.5,True,False,battery_id_absent_using_record_key,False,missing_symmetry_charge,False,g_2ec1e9362ebdd949eddbed67293e3ad7a762537220c9330cc4e748764695c757,,,,,quarantine
3a7fbe2a8469db225c66d5c990cc8a6bc4a2dea155c5af2e8269da7f6341bdb8,,adjacent,0,Ca,True,Pr(FeO3)2,Pr(FeO3)2,CaPr(FeO3)2,mp-aaacxijr,mp-aaachlmw,0.0,0.1,4.338629010000001,Orthorhombic,31,,,1,2025-09-19T09:42:26.777000,True,False,,missing_battery_id_use_record_key_for_provenance;missing_material_metadata_discharge;missing_crystal_system_discharge;missing_spacegroup_number_discharge,6598,332eadb44da9a6a2eafc702e2787b0e1fad9b56bf1cc05638a38be0238bf67c8,a0db481894af2b58261ed1b79a5528b9c020fe0b93841a16a51981a409fcfe46,Fe:2|O:6|Pr:1,0.0,0.0,0.0,0.1,1.0,0.0,1.0,True,False,battery_id_absent_using_record_key,False,missing_symmetry_discharge,False,g_0ee5c14d958488bc23aa2a1706a602ebbfdbf2944a99ff1c59be83f6f6f5a2c7,,,,,quarantine
5494500a9f5c0ae848b0b9884783978c29f263c16513f7c8b9b555fd911f2d0d,,adjacent,0,Mg,True,RbPr(WO4)2,RbPr(WO4)2,Rb2Pr2Mg(WO4)4,mp-aaacquwq,mp-aaacsgkk,0.0,0.04,0.582717329999998,,,Triclinic,1,1,2025-09-19T09:43:22.185000,True,False,,missing_battery_id_use_record_key_for_provenance;missing_material_metadata_charge;missing_crystal_system_charge;missing_spacegroup_number_charge,6022,41423c5e2d6a828abfc7d47b0ec9324741919b918492337740a97153d60e7459,2a16052a2d495d595708be9786187df4f385e135af7d579937648bba8726bb4a,O:8|Pr:1|Rb:1|W:2,0.0,0.0,0.0,0.04,0.5,0.0,0.5,True,False,battery_id_absent_using_record_key,False,missing_symmetry_charge,False,g_41423c5e2d6a828abfc7d47b0ec9324741919b918492337740a97153d60e7459,,,,,quarantine
68adcc621878465a23f4e50d8196b3a403dbdf5cddc691a81674d440b8a17d6c,,adjacent,0,Zn,True,Ge3(MoO6)2,Ge3(MoO6)2,Zn3Ge3(MoO6)2,mp-aaaczqfs,mp-aaacxqxj,0.0,0.15,0.8627094512500001,Cubic,230,,,1,2025-09-19T09:42:46.890000,True,False,,missing_battery_id_use_record_key_for_provenance;missing_material_metadata_discharge;missing_crystal_system_discharge;missing_spacegroup_number_discharge,6841,43c21a56017acdcbd1d60ab74363d206eefb12a4c59dab8efda8bb96ead1ca0c,4e04c77c04ec8232d4641e3b2ef132f9cb5a02cde9170a91696c8085c0c868e9,Ge:3|Mo:2|O:12,0.0,0.0,0.0,0.15,3.0,0.0,3.0,True,False,battery_id_absent_using_record_key,False,missing_symmetry_discharge,False,g_43c21a56017acdcbd1d60ab74363d206eefb12a4c59dab8efda8bb96ead1ca0c,,,,,quarantine
c5f097087c5926d9fa339b8b44e9dc656db0cd7a68d64b277ae225f33f54e170,,adjacent,0,Mg,True,Mn2CuO4,Mn2CuO4,MgMn4(CuO4)2,mp-aaabmkyy,mp-aaaexahz,0.0,0.066666666666666,0.9602343200000021,,,Orthorhombic,44,1,2025-09-19T09:43:45.713000,True,False,,missing_battery_id_use_record_key_for_provenance;missing_material_metadata_charge;missing_crystal_system_charge;missing_spacegroup_number_charge,4518,443b12f7c9bbebd228453521f7819116556d7c308f3889371bfa63ee10eca45b,12f6ea25f899efa890bcfe7247c53d74857e212151d9147bafc1ff0a6f4be969,Cu:1|Mn:2|O:4,0.0,0.0,0.0,0.06666666666666667,0.5,6.661338147750939e-16,0.5,True,False,battery_id_absent_using_record_key,False,missing_symmetry_charge,False,g_443b12f7c9bbebd228453521f7819116556d7c308f3889371bfa63ee10eca45b,,,,,quarantine
8ff9d0e121573221f4ade8051df7b1ca5756cdd39313962c82f28445046aeb56,,adjacent,0,Mg,True,MnV4O12,MnV4O12,MgMnV4O12,mp-aaabqvpo,mp-aaaexbek,0.0,0.055555555555555004,3.6899714549999962,Monoclinic,5,,,1,2025-09-19T09:43:46.947000,True,False,,missing_battery_id_use_record_key_for_provenance;missing_material_metadata_discharge;missing_crystal_system_discharge;missing_spacegroup_number_discharge,4931,4b5dd47e26bd383f3bca37be6552887d69ce75c6223bd9348a304eb5baff1b1d,011043dfbe811cdce04b924770e2f5f7c6c80089767f019d209166736a27a7b3,Mn:1|O:12|V:4,0.0,0.0,0.0,0.05555555555555555,1.0,5.48172618408671e-16,1.0,True,False,battery_id_absent_using_record_key,False,missing_symmetry_discharge,False,g_1f8ba62eaa13a7cd8db444fe0211259d40cd54c5da181a208f06a338977893a4,,,,,quarantine
c659a9e068f9b47c30acefeb8d2354935223d39bf7662737658012c6b315bd61,,adjacent,0,Mg,True,Ge3(WO6)2,Ge3(WO6)2,Mg3Ge3(WO6)2,mp-aaacxlmr,mp-aaaczqbo,0.0,0.15,1.662674532916667,Cubic,230,,,1,2025-09-19T09:43:24.114000,True,False,,missing_battery_id_use_record_key_for_provenance;missing_material_metadata_discharge;missing_crystal_system_discharge;missing_spacegroup_number_discharge;source:More than one working ion per transition metal,4741,4d48d72559b8be8ece9f65c43454811f27704c7a5e6d0220e4ab7a2ecedf884d,9c848a201cae286f9d98c006df87d143c1173f3c1898f7f3e22a42b8fbfc173a,Ge:3|O:12|W:2,0.0,0.0,0.0,0.15,3.0,0.0,3.0,True,False,battery_id_absent_using_record_key;source:More than one working ion per transition metal,False,missing_symmetry_discharge,False,g_4d48d72559b8be8ece9f65c43454811f27704c7a5e6d0220e4ab7a2ecedf884d,,,,,quarantine
1fd6434f4e854a72e5020ffc00c2f1d561cef345588c3b22aecb729320db4283,,adjacent,0,Mg,True,Ca,Ca,CaMg,mp-aaaaapux,mp-aaachdfg,0.0,0.5,0.27910921999999905,Cubic,221,,,2,2025-09-19T09:43:15.074000,True,False,,missing_battery_id_use_record_key_for_provenance;missing_material_metadata_discharge;missing_crystal_system_discharge;missing_spacegroup_number_discharge;source:Transition metal not found,5229,515ec48d971e76c6236de18c76f18ded00043ce3d6b5ff769b0710fec20a744b,0e145c08edf6a53ce39a6d44c33b94dab2f0ab5a8e2fcdddcdeecea24ac1182f,Ca:1,0.0,0.0,0.0,0.5,1.0,0.0,1.0,True,False,battery_id_absent_using_record_key;source:Transition metal not found,False,missing_symmetry_discharge,False,g_0b64c847967e1b2e7054e73b08d3ded6f9cf817803a7541bc4416feda6bcbe3e,,,,,quarantine
303105f9e39663eb6b4ae61e4c33e38a60fc7143add66bf849c375d16b4ce0a2,,adjacent,0,Mg,True,K3HoV2O8,K3HoV2O8,K3HoMgV2O8,mp-aaackwot,mp-aaaewuvf,0.0,0.066666666666666,-0.112017269999998,,,Monoclinic,12,1,2025-09-19T09:43:20.263000,True,False,,missing_battery_id_use_record_key_for_provenance;missing_material_metadata_charge;missing_crystal_system_charge;missing_spacegroup_number_charge,4762,5e824a43b395f98cfcb66c06ef3db8e0301be4c93efa42543b1c282cbae64891,fad09c432b4230a87d88ba205efe40096cd4f852a287a317b92a2e11aabb8ad5,Ho:1|K:3|O:8|V:2,0.0,0.0,0.0,0.06666666666666667,1.0,6.661338147750939e-16,1.0,True,False,battery_id_absent_using_record_key;negative_voltage,False,missing_symmetry_charge,False,g_5e824a43b395f98cfcb66c06ef3db8e0301be4c93efa42543b1c282cbae64891,,,,,quarantine
0cbc5ef16533ae4eb17e78e275b2ac66d6d4aab52b8a263998521afe7ed49d3a,,adjacent,2,Li,True,VCrP2(HO5)2,Li2VCrP2(HO5)2,Li3VCrP2(HO5)2,mp-aaabqwwy,mp-aaacvozg,0.11111111111111101,0.157894736842105,1.421031918333345,Triclinic,2,,,3,2025-09-19T09:44:23.806000,True,False,,missing_battery_id_use_record_key_for_provenance;missing_material_metadata_discharge;missing_crystal_system_discharge;missing_spacegroup_number_discharge;source:More than one working ion per transition metal,2120,60886bb22b1f38e7380979444dba67acd134563122e5bed08f263f81638d575c,b16497c6ccf1d70130b088099dde1d445f38056db4ab743bf10ee2a09e3f1e26,Cr:1|H:2|O:10|P:2|V:1,0.1111111111111111,2.0,9.71445146547012e-17,0.15789473684210525,3.0,2.498001805406602e-16,1.0,True,False,battery_id_absent_using_record_key;source:More than one working ion per transition metal,False,missing_symmetry_discharge,False,g_01662861ea92dedb28195908aff42f020b923f14d2d98cf68b5b56abf0f87759,,,,,quarantine
445175b99140c436e9ffe95f5c7afa8ed93915650454cbd55124a357121d9276,,adjacent,0,Zn,True,Ca,Ca,CaZn3,mp-aaaaaabt,mp-aaachdau,0.0,0.75,0.10528662666666601,Cubic,225,,,1,2025-09-19T09:42:49.533000,True,False,,missing_battery_id_use_record_key_for_provenance;missing_material_metadata_discharge;missing_crystal_system_discharge;missing_spacegroup_number_discharge,6966,710e87ff59d8c68e93d319e05bd2e73b5148ed88fcaa58e9a174e7d0e7873637,b492506913caa892d52ade22cf7df5ed579b6df7f070cae8112aa63ba5d43758,Ca:1,0.0,0.0,0.0,0.75,3.0,0.0,3.0,True,False,battery_id_absent_using_record_key,False,missing_symmetry_discharge,False,g_0b64c847967e1b2e7054e73b08d3ded6f9cf817803a7541bc4416feda6bcbe3e,,,,,quarantine
4fd6a5451105559335b66a422be7a4722653479d38d74913f0251759c2e4e528,,adjacent,0,Mg,True,Cd,MgCd,Mg15Cd,mp-aaachcsz,mp-aaacggaz,0.5,0.9375,0.0013280814285710001,,,Hexagonal,187,1,2025-09-19T09:43:07.132000,True,False,,missing_battery_id_use_record_key_for_provenance;missing_material_metadata_charge;missing_crystal_system_charge;missing_spacegroup_number_charge;source:More than one working ion per transition metal,5240,721e037f7b10eee1126d4988642e3573984b9bf320a1b3a87252cca4af117c98,eb98b3632dcb72ccb4c0f774aeb9a0cfcbdc699477e783d6797fbd731f970ef4,Cd:1,0.5,1.0,0.0,0.9375,15.0,0.0,14.0,True,False,battery_id_absent_using_record_key;source:More than one working ion per transition metal,False,missing_symmetry_charge,False,g_112278533d42e4bafec68c9c5e87619970c122cceac71c1943752fea45e61f09,,,,,quarantine
662d3436710eb8e7f7200d4adcf71e205b5c5e6bdd0853aedbd1d6679a55ceba,,adjacent,0,Li,True,VCuO4,VCuO4,LiVCuO4,mp-aaaablhc,mp-aaackwax,0.0,0.14285714285714202,3.7300482533333272,Orthorhombic,74,,,1,2025-09-19T09:43:32.156000,True,False,,missing_battery_id_use_record_key_for_provenance;missing_material_metadata_discharge;missing_crystal_system_discharge;missing_spacegroup_number_discharge,771,76fd5c30ac78c24e7763f2571e3dfb6466fd88e7626a70869b9c72b71758e097,66f89df223590c82e5fe07078b6244a4236c7741f99369e6c13f551b30e4c2d2,Cu:1|O:4|V:1,0.0,0.0,0.0,0.14285714285714285,1.0,8.326672684688674e-16,1.0,True,False,battery_id_absent_using_record_key,False,missing_symmetry_discharge,False,g_064c2a469d1cc8f1db47272839df69ecc09f89251ef17b937e272cd1d0fccaa2,,,,,quarantine
1383ef1ed459165458f3acc79253d147eac8f9ca8909a54d26095b7a21cbdf4e,,adjacent,0,Mg,True,Fe5CuO8,Fe5CuO8,MgFe5CuO8,mp-aaaacdxb,mp-aaaexaee,0.0,0.066666666666666,1.032093050000004,,,Monoclinic,12,1,2025-09-19T09:43:37.544000,True,False,,missing_battery_id_use_record_key_for_provenance;missing_material_metadata_charge;missing_crystal_system_charge;missing_spacegroup_number_charge,4480,8b98c9f4243f4f582b18d2e5f05d2229a4ba5b9430cb2dd2ce606aa99e2602f6,b4766adb6e17c493ba72d9ea03b383d9550ce74d91bc1836e3311e09e7151173,Cu:1|Fe:5|O:8,0.0,0.0,0.0,0.06666666666666667,1.0,6.661338147750939e-16,1.0,True,False,battery_id_absent_using_record_key,False,missing_symmetry_charge,False,g_3f0005e22e14cc87b30e4eede109d53623b91c052e1ae75ede8413f284e2c69a,,,,,quarantine
6718c513bed08bd9ec9ef6a3d591061002435ac62468e3e363b4a246fb81c8e9,,adjacent,0,Li,True,RbPr(WO4)2,RbPr(WO4)2,Rb2LiPr2(WO4)4,mp-aaacquwq,mp-aaacshdi,0.0,0.04,1.190390703333325,,,Triclinic,1,1,2025-09-19T09:43:22.741000,True,False,,missing_battery_id_use_record_key_for_provenance;missing_material_metadata_charge;missing_crystal_system_charge;missing_spacegroup_number_charge,3354,956e64ec16bd114d4ddb823ebece209ecbc57d67f2c0798381050a18084b0439,91bfa1ac1c283c0326d626c1139e65d4fdbc533c62216f6764e7c79374016f03,O:8|Pr:1|Rb:1|W:2,0.0,0.0,0.0,0.04,0.5,0.0,0.5,True,False,battery_id_absent_using_record_key,False,missing_symmetry_charge,False,g_41423c5e2d6a828abfc7d47b0ec9324741919b918492337740a97153d60e7459,,,,,quarantine
fab6a88b7c3999e9c3ee9131a079046b342e3ebc6f86ddfd12c9445a97447199,,adjacent,0,Li,True,MnF6,Li2MnF6,Li3MnF6,mp-aaabqvvc,mp-aaabqzvs,0.22222222222222202,0.30000000000000004,4.130007156666669,,,Triclinic,1,2,2025-09-19T09:43:25.585000,True,False,,missing_battery_id_use_record_key_for_provenance;missing_material_metadata_charge;missing_crystal_system_charge;missing_spacegroup_number_charge;source:More than one working ion per transition metal,2210,9a06889b4e8e748e6ae92e8da6da0df3738c07f0b73e1b9315ebd9fa4ad99344,19085985be44b3b7a4ce8706bf3e4bb01f1aa944a86bfb41e0cb94d6d71c9c9f,F:6|Mn:1,0.2222222222222222,2.0,1.942890293094024e-16,0.3,3.0,5.551115123125783e-17,1.0,True,False,battery_id_absent_using_record_key;source:More than one working ion per transition metal,False,missing_symmetry_charge,False,g_2da37d6144ccc5edbb475500f4bffbda16f0acd1ec1164f360e537cf0f47fb80,,,,,quarantine
aca2bddf86d5470fb66b28dc6e417ef7983f2133d019d6c8f16a2f9772264394,,adjacent,0,Mg,True,NiOF2,NiOF2,MgNi4(OF2)4,mp-aaabrsbt,mp-aaaexmwq,0.0,0.058823529411764004,2.311548194999997,,,Triclinic,1,1,2025-09-19T09:43:57.497000,True,False,,missing_battery_id_use_record_key_for_provenance;missing_material_metadata_charge;missing_crystal_system_charge;missing_spacegroup_number_charge,5583,a18ac06af633f58a23e45ad0fb005b6bc5a691cadd35f0f34d569e897e7f9459,175710ea5c75baaec096c202098b160da2c47c5772678063ec90f0ec88832ce8,F:2|Ni:1|O:1,0.0,0.0,0.0,0.058823529411764705,0.25,7.008282842946301e-16,0.25,True,False,battery_id_absent_using_record_key,False,missing_symmetry_charge,False,g_a18ac06af633f58a23e45ad0fb005b6bc5a691cadd35f0f34d569e897e7f9459,,,,,quarantine
ca4768bd7acd04809b693cb1a296bc510624c566d2e5c2e2343fd6c3811e4516,,adjacent,1,Ca,True,CoP2O7,CaCo2(P2O7)2,CaCoP2O7,mp-aaadahor,mp-aaachhkx,0.047619047619047006,0.09090909090909001,4.579350024999999,Triclinic,1,,,2,2025-09-19T09:42:34.194000,True,False,,missing_battery_id_use_record_key_for_provenance;missing_material_metadata_discharge;missing_crystal_system_discharge;missing_spacegroup_number_discharge,6489,a7d730519d10bba4c59541f2af67f4a1a19c1d799ce6828e029b9b6e63f671c4,6fb60a84c540dcc6c9d0d22970f1221242f6245c2e1e7ce21f35a19c5c01f7b8,Co:1|O:7|P:2,0.047619047619047616,0.5,6.106226635438361e-16,0.09090909090909091,1.0,9.020562075079397e-16,0.5,True,False,battery_id_absent_using_record_key,False,missing_symmetry_discharge,False,g_01ccf767c412e5eeb9553b5c4417b5940dd40e5f96a3fe160b01f96e057c7a3f,,,,,quarantine
6973c660f09414a334e096f337788dc4c41ff1c8bccc5d47da70a71d1ba37d1e,,adjacent,0,Mg,True,WOF4,WOF4,MgW2(OF4)2,mp-aaafhwdk,mp-aaaewgjz,0.0,0.07692307692307601,2.114183115,,,Triclinic,1,1,2025-09-19T09:43:33.179000,True,False,,missing_battery_id_use_record_key_for_provenance;missing_material_metadata_charge;missing_crystal_system_charge;missing_spacegroup_number_charge,5642,b1a9ca85079104b2cb742ef1fddecbdcd539246eba6b36724d0ce87e73f49344,88999351f1b05fa24abb5afb9b9480d256dc67b96557cb8c285c9ed19a87df9f,F:4|O:1|W:1,0.0,0.0,0.0,0.07692307692307693,0.5,9.159339953157541e-16,0.5,True,False,battery_id_absent_using_record_key,False,missing_symmetry_charge,False,g_27bc8143b2ad025d3bfe0e0c30a54a105a317fcc5c6183fa9cfdf342005e0ea6,,,,,quarantine
1fd6434f4e854a72e5020ffc00c2f1d561cef345588c3b22aecb729320db4283,,adjacent,1,Mg,True,Ca,CaMg,CaMg3,mp-aaachdfg,mp-aaackhsk,0.5,0.75,-0.010067009999999,,,Cubic,221,2,2025-09-19T09:43:15.074000,True,False,,missing_battery_id_use_record_key_for_provenance;missing_material_metadata_charge;missing_crystal_system_charge;missing_spacegroup_number_charge;source:Transition metal not found,5230,c2899376bf93e91676f430eadfa54180f7255d5909d1003fdd053c7fd9250e15,9d27d60f326b8f8dbb4dafd3a7603f53f063844d7fcbfdfcfc39be2af7ddf492,Ca:1,0.5,1.0,0.0,0.75,3.0,0.0,2.0,True,False,battery_id_absent_using_record_key;negative_voltage;source:Transition metal not found,False,missing_symmetry_charge,False,g_0b64c847967e1b2e7054e73b08d3ded6f9cf817803a7541bc4416feda6bcbe3e,,,,,quarantine
a29c73204df2d985b8ac83d57ac03a868ae853bfd5f2af16e4edd268b8e42e28,,adjacent,0,Zn,True,NiO2,NiO2,Zn(NiO2)2,mp-aaachhmr,mp-aaadqggs,0.0,0.14285714285714202,2.739494814375,Monoclinic,8,,,1,2025-09-19T09:42:39.192000,True,False,,missing_battery_id_use_record_key_for_provenance;missing_material_metadata_discharge;missing_crystal_system_discharge;missing_spacegroup_number_discharge,7100,c4138e4af6b3329ba329b1799e4a985d171fdf37044ffb8acbeec7de329d6097,7311d8c8d0eec7f4de3e82d3d82ba43f29d3f6f0434774b911e69a6e37df832c,Ni:1|O:2,0.0,0.0,0.0,0.14285714285714285,0.5,8.326672684688674e-16,0.5,True,False,battery_id_absent_using_record_key,False,missing_symmetry_discharge,False,g_029fd0e11790286680d5565ba16ef792b28ef46ea05b58842748171417dd6662,,,,,quarantine
479de0c41a35426cd0308957894cb8ccbe0583135afad36ec277ef9b03091fb1,,adjacent,0,Li,True,CuO2,CuO2,LiCuO2,mp-aaabizdd,mp-aaaaanog,0.0,0.25,4.576391703333331,,,Monoclinic,12,1,2025-09-19T09:44:52.618000,True,False,,missing_battery_id_use_record_key_for_provenance;missing_material_metadata_charge;missing_crystal_system_charge;missing_spacegroup_number_charge,710,c861aa2ab666465ff7ef46b8438caa9ededac363e7c01dec6b1c452cc3e6d207,c130e7adb55b4dfc5fb6b3061dbde6df12ef61fc38bb527c2887cca18f2ee985,Cu:1|O:2,0.0,0.0,0.0,0.25,1.0,0.0,1.0,True,False,battery_id_absent_using_record_key,False,missing_symmetry_charge,False,g_0c122d5e5b3ec9c9a96e055d4575f2cb77656671dc32226c90f0ba4e75e16c8d,,,,,quarantine
9ec1f01b545204b8cfb4d34e0d58ce334979908cf6c8d2b20cfe2700eb77ac94,,adjacent,0,K,False,Lu(NbCl3)6,Lu(NbCl3)6,KLu(NbCl3)6,mp-aaaabrkl,mp-aaacrpyp,0.0,0.038461538461538006,2.549267473000007,Trigonal,148,,,1,2025-09-19T09:42:00.916000,True,False,,missing_battery_id_use_record_key_for_provenance;missing_material_metadata_discharge;missing_crystal_system_discharge;missing_spacegroup_number_discharge,3937,ca9f5d219abcd45fcb6df9c55c90f83a98d9e33b4dfb4d6c778908a2d89dc4a5,030b41c3e07260521e5a7db50bceb2892617f310cd8cca1720e30a7eba007255,Cl:18|Lu:1|Nb:6,0.0,0.0,0.0,0.038461538461538464,1.0,4.579669976578771e-16,1.0,True,False,battery_id_absent_using_record_key,False,missing_symmetry_discharge,False,g_ca9f5d219abcd45fcb6df9c55c90f83a98d9e33b4dfb4d6c778908a2d89dc4a5,,,,,quarantine
dffa187e51fc904308aeb6e5c78dc1d083c05d27a0a01c799b52037df9a1566d,,adjacent,0,Li,True,Mn3O8,Li5Mn6O16,Li3Mn3O8,mp-aaabremz,mp-aaaabxmz,0.185185185185185,0.21428571428571402,4.688364163333351,Trigonal,166,,,3,2025-09-19T09:44:13.362000,True,False,,missing_battery_id_use_record_key_for_provenance;missing_material_metadata_discharge;missing_crystal_system_discharge;missing_spacegroup_number_discharge;source:More than one working ion per transition metal,1056,cb89772b94a18ab7e59b5af5203b9f29beca74e54a010a18abe2d395fd35c6bb,6e70dfd2aa882242fb5c14367bedc26f7cbe650ab91e60854757ef1798732217,Mn:3|O:8,0.18518518518518517,2.5,1.6653345369377348e-16,0.21428571428571427,3.0,2.498001805406602e-16,0.5,True,False,battery_id_absent_using_record_key;source:More than one working ion per transition metal,False,missing_symmetry_discharge,False,g_6c2bcf25cac8e19b1e74b70820337b6b88aef19cacd5e9050b32d6ee8ad40162,,,,,quarantine
2b142e96c42182e5d65448f064f44f0d9f4dc0838f6466fc084f282806c07ce3,,adjacent,0,Na,False,CuO2,CuO2,NaCuO2,mp-aaabizdd,mp-aaaaagsr,0.0,0.25,4.161823956551723,,,Monoclinic,12,1,2025-09-19T09:43:02.261000,True,False,,missing_battery_id_use_record_key_for_provenance;missing_material_metadata_charge;missing_crystal_system_charge;missing_spacegroup_number_charge,3526,d732337da869ac3d59624fbb1e0f0f0e078170618acb4024a416303f5ddc381f,9171a3587a53a31132a3621393b2973e7fba3344890480a6de8ac9d34ab36d24,Cu:1|O:2,0.0,0.0,0.0,0.25,1.0,0.0,1.0,True,False,battery_id_absent_using_record_key,False,missing_symmetry_charge,False,g_0c122d5e5b3ec9c9a96e055d4575f2cb77656671dc32226c90f0ba4e75e16c8d,,,,,quarantine
9aad86d63c79e2b694912ed16e03120f4410494ad8be6061c67f4628534ca8e4,,adjacent,0,Li,True,HoAg(WO4)2,HoAg(WO4)2,LiHo2Ag2(WO4)4,mp-aaacqzfd,mp-aaacshww,0.0,0.04,0.6373623433333411,,,Monoclinic,12,1,2025-09-19T09:43:22.869000,True,False,,missing_battery_id_use_record_key_for_provenance;missing_material_metadata_charge;missing_crystal_system_charge;missing_spacegroup_number_charge,9,dfb63e4713c4d68c2da4dc37daad259bb4913b776dd75922805fb08c09165278,3d729e19884b6638872767f1db5d9cf69a9c234a831fdfb631ee284d929702fc,Ag:1|Ho:1|O:8|W:2,0.0,0.0,0.0,0.04,0.5,0.0,0.5,True,False,battery_id_absent_using_record_key,False,missing_symmetry_charge,False,g_2ec1e9362ebdd949eddbed67293e3ad7a762537220c9330cc4e748764695c757,,,,,quarantine
4c098cbf8e6a4184892bfcf463d4f47f7275b03bec60319915c19e8fada1e08e,,adjacent,0,Ca,True,Mg,CaMg,Ca3Mg,mp-aaachdfg,mp-aaackhpx,0.5,0.75,-0.028186087500000002,,,Cubic,221,1,2025-09-19T09:42:21.163000,True,False,,missing_battery_id_use_record_key_for_provenance;missing_material_metadata_charge;missing_crystal_system_charge;missing_spacegroup_number_charge;source:Transition metal not found,6287,dfca31801357bb6f64ad2f9b0b5302d121a99a89f19bc4243faa26db71781825,94482a263d6b255c167e327a8cb1e90da1ec77d313ee4b907fb1ed63b068037c,Mg:1,0.5,1.0,0.0,0.75,3.0,0.0,2.0,True,False,battery_id_absent_using_record_key;negative_voltage;source:Transition metal not found,False,missing_symmetry_charge,False,g_0b64c847967e1b2e7054e73b08d3ded6f9cf817803a7541bc4416feda6bcbe3e,,,,,quarantine
8419d4b282c81d56b3b9cc2c9dafd566495b7526a1239b4120602f496f03b247,,adjacent,0,Mg,True,FeO2,FeO2,Mg(FeO2)4,mp-aaabthzw,mp-aaaewgzy,0.0,0.07692307692307601,2.552473719999999,Tetragonal,87,,,1,2025-09-19T09:43:59.849000,True,False,,missing_battery_id_use_record_key_for_provenance;missing_material_metadata_discharge;missing_crystal_system_discharge;missing_spacegroup_number_discharge,5711,efcc19b6003dcc21348a6afd5284a16c3f1c566c2fabd0277b669aa30e432f42,3daf50003ba600ca0731b7abb6dfb9311448cbc6b1439e270b911af19772cb6b,Fe:1|O:2,0.0,0.0,0.0,0.07692307692307693,0.25,9.159339953157541e-16,0.25,True,False,battery_id_absent_using_record_key,False,missing_symmetry_discharge,False,g_0770dbb8c670682d17d23e7c07387129564a9d791df79a93f722b76f2c7698de,,,,,quarantine
2e2d662a6d10fe78f6128daa37946dbe2eaf5a773911cfd74ceac2c000aaa08d,,adjacent,0,Zn,True,Mg(NiO2)4,Mg(NiO2)4,MgZn(NiO2)4,mp-aaaexcqf,mp-aaaewscm,0.0,0.07142857142857101,1.9981773350000012,Monoclinic,12,,,1,2025-09-19T09:42:48.591000,True,False,,missing_battery_id_use_record_key_for_provenance;missing_material_metadata_discharge;missing_crystal_system_discharge;missing_spacegroup_number_discharge,6863,f0c3bf0cb9f35f9b31c67b66888609a290dd7f72ff31362ac77b1a5ba54bc919,f5e070b760b9cb8508c6d549e495479f0231dd7f58238bc4bd997197a65c264b,Mg:1|Ni:4|O:8,0.0,0.0,0.0,0.07142857142857142,1.0,4.163336342344337e-16,1.0,True,False,battery_id_absent_using_record_key,False,missing_symmetry_discharge,False,g_029fd0e11790286680d5565ba16ef792b28ef46ea05b58842748171417dd6662,,,,,quarantine
7b1526cfd02a6f97c57348b0c603cba3907edaa233fda4ead52086d96e950768,,adjacent,0,Na,False,MoO2,MoO2,NaMoO2,mp-aaabornn,mp-aaabgxyg,0.0,0.25,2.137050486551722,Monoclinic,12,,,1,2025-09-19T09:43:01.196000,True,False,,missing_battery_id_use_record_key_for_provenance;missing_material_metadata_discharge;missing_crystal_system_discharge;missing_spacegroup_number_discharge,3585,f59b4933d97f6512b33cc46d25926c6d1594dd49bbfb76ef072d46df31379474,4770de19cac5ec6e8e6f5673e0c80e10c390d4289aa8e65ed89b678111a90e7d,Mo:1|O:2,0.0,0.0,0.0,0.25,1.0,0.0,1.0,True,False,battery_id_absent_using_record_key,False,missing_symmetry_discharge,False,g_0cab18f0dc8b0310f5a407f129ab1e4becfedd31fd965f1824cac81d4570a95e,,,,,quarantine
c8c7492caa40a8804dc51bf1bd2913c9dea658bda1ac9df44f3db93d0aff917b,,adjacent,0,Ca,True,Ge3(MoO6)2,Ge3(MoO6)2,Ca3Ge3(MoO6)2,mp-aaaczqfs,mp-aaacxvil,0.0,0.15,3.278232838333336,Cubic,230,,,1,2025-09-19T09:42:31.146000,True,False,,missing_battery_id_use_record_key_for_provenance;missing_material_metadata_discharge;missing_crystal_system_discharge;missing_spacegroup_number_discharge;source:More than one working ion per transition metal,6255,f878b9b44948c4f4644c662ef5ed4ea7eb35437581eb12925032da2c10cfcce6,efbea6ce02ab11352d3bce79f6d5fc398a2750581b5125e4ea59e19c705c8b42,Ge:3|Mo:2|O:12,0.0,0.0,0.0,0.15,3.0,0.0,3.0,True,False,battery_id_absent_using_record_key;source:More than one working ion per transition metal,False,missing_symmetry_discharge,False,g_43c21a56017acdcbd1d60ab74363d206eefb12a4c59dab8efda8bb96ead1ca0c,,,,,quarantine
e8e0b2e086a6650701a9a474396cc221e0ad8fd4779153adef746e17ff8aef9a,,adjacent,0,Mg,True,K3ErV2O8,K3ErV2O8,K3ErMgV2O8,mp-aaackvmi,mp-aaaewzzx,0.0,0.066666666666666,-0.09053884999999601,,,Monoclinic,12,1,2025-09-19T09:43:19.799000,True,False,,missing_battery_id_use_record_key_for_provenance;missing_material_metadata_charge;missing_crystal_system_charge;missing_spacegroup_number_charge,4614,fc93acee35ca8355b8423ea8a6f2baf3fe86a8c549182693b0bf1d8733908a1a,d62fecfa2d236511cf7f21ee80d3748e8d6a9299cc25915a506ae08219141fbe,Er:1|K:3|O:8|V:2,0.0,0.0,0.0,0.06666666666666667,1.0,6.661338147750939e-16,1.0,True,False,battery_id_absent_using_record_key;negative_voltage,False,missing_symmetry_charge,False,g_fc93acee35ca8355b8423ea8a6f2baf3fe86a8c549182693b0bf1d8733908a1a,,,,,quarantine
dffa187e51fc904308aeb6e5c78dc1d083c05d27a0a01c799b52037df9a1566d,,adjacent,1,Li,True,Mn3O8,Li3Mn3O8,Li4Mn3O8,mp-aaaabxmz,mp-aaabrxrt,0.21428571428571402,0.266666666666666,3.76318410333332,,,Trigonal,166,3,2025-09-19T09:44:13.362000,True,False,,missing_battery_id_use_record_key_for_provenance;missing_material_metadata_charge;missing_crystal_system_charge;missing_spacegroup_number_charge;source:More than one working ion per transition metal,1057,ff9fe8f793f1ab2fd76ae1f63c14fb050e328c2854b54cb9c8e4bf84108ca99c,12aeaae5561c535f15bc0c6ee016a4bef78168fea5186ebb67a08dd610c1b04f,Mn:3|O:8,0.21428571428571427,3.0,2.498001805406602e-16,0.26666666666666666,4.0,6.661338147750939e-16,1.0,True,False,battery_id_absent_using_record_key;source:More than one working ion per transition metal,False,missing_symmetry_charge,False,g_6c2bcf25cac8e19b1e74b70820337b6b88aef19cacd5e9050b32d6ee8ad40162,,,,,quarantine
